question_text,answer1_text,answer2_text,answer3_text,correct_id
be,быть,делать,в качестве,1
and,и,данные,до тех пор,1
of,третий,будет,из/от/об,3
in,в,правда,музыка,1
have,прибывать,носить (одежду),иметь,3
it,это,что,магазин,1
I,фигура,я,пол/этаж,2
that,спор,тот,предлагать,2
for,отчет,для,наименее,2
you,ты/вы,почти,специльно,1
he,он,болтовня,риск,1
with,с,идея,родитель,1
on,от,дарить,мой,1
do,делать,на самом деле,восемь,1
say,казаться,половина,сказать,3
this,этот,деталь,точка,1
they,информация,они,продукт,2
at,назад,догадываться,на/в,3
but,оба,огромный,но,3
we,получать,мы,кандидат,2
his,проходить,его,основа,2
from,четыре,из/с,поддерживать,2
not,спектр,важно,не,3
she,план,она,выборы,2
or,или,бизнес,позволять,1
as,как,вещь,приватный,1
what,что,кусочек,интерес,1
go,количество,официальный,идти,3
their,между,нести,их,3
can,может,тяжелый,разрешать,1
who,предлагать,центральный,кто,3
get,жена,миллион,получать,3
if,место,если,водить,2
would,бы,вещь,огонь,1
her,покидать,ее,решать,2
all,все,воздействовать,пространство,1
my,сила,нам/нас,мое,3
make,носить (одежду),делать,значительно,2
about,действовать,много,о/об,3
know,представлять,возрастать,знать,3
will,наконец,половина,будет,3
up,телевидение,церковь,вверх,3
one,неделя,этой ночью,единственный,3
time,время,банк,здоровье,1
there,значит,воображать,это,3
year,процесс,год,город,2
so,так,событие,старый,1
think,думать,структура,пациент,1
when,беспокойство,лучший,когда,3
which,сторона,который,мистер,2
them,процесс,на/по,им,3
some,последний,лгать,некоторые,3
me,платить,скорее,мой,3
people,пространство,люди,много,2
take,лицо,за,брать,3
out,интервью,этот,из/вне,3
into,ранее,внутри,поле,2
just,сообщество,рисовать,просто,3
see,видеть,ничего,прошлое,1
him,встреча,его,фильм,2
your,мальчик,твой,программа,2
come,приходить,снаружи,представление,1
could,рыба,установить,мог,3
now,принуждать,сейчас,что-нибудь,2
than,между,как,все,2
like,степень,нравиться,жизнь,2
other,иной,война,лежать,1
how,долго,как,разум,2
then,позднее,тогда,тянуть,2
its,уже,этого,лето,2
our,момент,наше,кандидат,2
two,два,земля,будущее,1
more,жить,больше,развитие,2
these,наслаждаться,развитие,эти,3
want,сами,мечта/сон,хотеть,3
way,иногда,мальчик,способ,3
look,вид,единственный,приказ,1
first,любой,первый,о/об,2
also,комната,также,долго,2
new,управлять,новый,видеть,2
because,брат,так как,включать,2
day,решение,боль,день,3
use,голова,сравнивать,использовать,3
no,тоно,учение,нет,3
man,человек/мужчина,похожий,федеральный,1
find,комната,находить,управлять,2
here,здесь,час,личный,1
thing,тоно,убыток,вещь,3
give,довольно,давть,только,2
many,многие,строить,давление,1
well,здорово,век,увеличивать,1
only,только,снаружи,вид,1
those,подготавливать,близко,те,3
tell,вешать,мечта/сон,рассказывать,3
very,продолжать,очень,звонок,2
even,даже,кусочек,плохой,1
back,медиа,зад,план,2
any,любой,почти,федеральный,1
good,однако,хороший,мальчик,2
woman,другие,право,женщина,3
thought,намерение,половина,лгать,1
us,день,нам/нас,ситуация,2
life,снаряжение,жизнь,пример,2
child,мир,ребенок,конкректный,2
work,работа,идея,двигаться,1
down,вниз,прежде чем,иметь значение,1
after,мечта/сон,юрист,после,3
should,движение,должен,любовь,2
call,звонок,вечер,устанавливать,1
world,часть,мир,степень,2
over,продукт,рисовать,сверх,3
school,школа,высокий,уже,1
still,ответ,до сих пор,хотеть,2
try,становиться,пытаться,радио,2
last,продолжать,демократ,последний,3
ask,также,спрашивать,качество,2
need,стена,им,необходимость,3
too,регион,что-нибудь,тоже,3
feel,отчет,строить,чувствовать,3
state,большой,государство,снова,2
never,на,никогда,общий,2
become,становиться,наука,из/от/об,1
between,меньший,между,помнить,2
high,сегодня,удалять,высокий,3
really,счастливый,демократ,действительно,3
something,миллиард,правительство,что-нибудь,3
most,животное,большинство,вести,2
another,поэтому,другой,роль,2
much,установить,значительно,выполнять,2
family,двигаться,звонок,семья,3
own,им,личный,мы,2
leave,влиять,покидать,выбор,2
put,удар,полномочие,положил,3
old,правильно,персонаж,старый,3
while,этой ночью,хороший,пока,3
mean,сделка,значит,в пределах,2
keep,записывать,бежать,хранить,3
student,значительно,студент,модель,2
why,почему,рост,здорово,1
let,позволять,муж,тело,1
great,великий,деньги,лекарство,1
same,одинаковый,блюдо,нселение,1
big,большой,нет,недавно,1
group,в качестве,группа,экономический,2
begin,начинать,интервью,шанс,1
seem,умирать,казаться,книга,2
country,волосы,страна,семь,2
help,помощь,друг,бедный,1
talk,болтовня,разрешать,результат,1
where,родитель,лучше,где,3
turn,правило,поворачивать,каждый,2
problem,проблема,плечо,выбирать,1
every,прочь,позднее,каждый,3
start,начинать,объяснять,деталь,1
hand,стратегия,рука,понимать,2
might,звать,может,музыка,2
American,месяц,нуждаться,американец,3
show,показывать,финансовый,любой,1
part,животное,защищать,часть,3
against,против,масло,проблема,1
place,республиканец,смотреть,место,3
such,память,местность,такой,3
again,снова,появляться,другие,1
few,несколько,бедный,песня,1
case,случай,снова,окно,1
week,неделя,кровь,она,1
company,нация,компания,состоять из,2
system,только,сообщение,система,3
each,медицинский,каждый,ломать,2
right,право,фонд,страна,1
program,программа,выбор,станция,1
hear,горячий,слышать,раньше,2
question,политика,вопрос,мистер,2
during,что-нибудь,на протяжение,сообщество,2
play,художник,стиль,игра,3
government,правительство,бывший,воздействовать,1
run,сообщество,год,бежать,3
small,дом,банк,маленький,3
number,установить,количество,успех,2
off,докзательства,тест,от/прочь,3
always,сама,общий,всегда,3
move,разрешать,двигаться,деталь,2
night,установить,управлять,ночь,3
live,встреча,жить,нуждаться,2
Mr,государство,мистер,магазин,2
point,дом,некоторые,точка (зрения),3
believe,верить,если,край,1
hold,реализовывать,держать,снаряжение,2
today,персонаж,преступление,сегодня,3
bring,нести,поведение,в соответствии,1
happen,развивать,случаться,цена,2
next,следующий,общественный,управлять,1
without,глаз,индивидуальный,без,3
before,станция,песня,прежде чем,3
large,больше,тип,огромный,3
million,миллион,внутри,текущий,1
must,должен,слушать,звонок,1
home,персонал,домой,учить,2
under,под,навык,поэтому,1
water,сильный,вода,туда,2
room,долго,коробка,комната,3
write,который,снова,пиать,3
mother,выполнять,состояние,мама,3
area,местность,убыток,от/с,1
national,закон,национальный,бы,2
money,деньги,помощь,сердце,1
story,на,история,слышать,2
young,молодой,устанавливать,среди,1
fact,здоровье,факт,третий,2
month,пометка,проходить,месяц,3
different,поворачивать,делиться,разный,3
lot,уровень,много,индивидуальный,2
study,учение,должен,коробка,1
book,большой,книга,о/об,2
eye,глаз,черный,технология,1
job,находить,энергия,работа,3
word,десятилетие,слово,ожидать,2
though,тип,окно,хотя,3
business,бизнес,ловить,медиа,1
issue,проблема,начальный,докладывать,1
side,определенный,сторона,зеленый,2
kind,вид,развивать,защищать,1
four,четыре,сверх,каждый,1
head,требовать,глава,секс,2
far,право,сильный,далекий,3
black,медицинский,знать,черный,3
long,форма,возможный,долго,3
both,статья,оба,комната,2
little,хотя,мало,приблизительно,2
house,дом,имущество,большинство,1
yes,земля,да,больница,2
since,само,с тех пор,докладывать,2
provide,низкий,директор,снабжать,3
service,сцена,автомобиль,сервис,3
around,объяснять,вокруг,мы,2
friend,друг,законный,покупать,1
important,важный,становиться,глаз,1
father,бедный,отец,культура,2
sit,сидеть,нести,утверждение,1
away,война,довольно,прочь,3
until,до тех пор,поддерживать,вниз,1
power,цена,сила,земля,2
hour,час,возможно,дарить,1
game,клеточка,игра,край,2
often,полиция,часто,однажды,2
yet,через,из/вне,до сих пор,3
line,искать,находить,линия,3
political,политический,их,вечеринка,1
end,конец,уровень,технология,1
among,будущее,среди,летать,2
ever,выбирать,который,всегда,3
stand,стоять,четыре,чей,1
bad,глаз,плохой,младенец,2
lose,догадываться,воздух,терять,3
however,сезон,основа,однако,3
member,участник,надеяться,единственный,1
pay,платить,политический,этап,1
law,к,закон,предлагать,2
meet,мог,степень,встречать,3
car,главный,и,автомобиль,3
city,снижать,город,мера,2
almost,почти,снова,вода,1
include,шаг,темный,включать,3
continue,продолжать,каждый,физический,1
set,я,эти,набор,3
later,позднее,хотя,учить,1
community,стратегия,сообщество,покидать,2
name,забывать,фильм,имя,3
five,лекарство,свободный,пять,3
once,песня,искать,однажды,3
white,стиль,фильм,белый,3
least,американский,сильный,наименее,3
president,президент,положил,банк,1
learn,учить,темный,борт,1
real,на самом деле,настоящий,бежать,2
change,определенный,тоже,менять,3
team,несмотря на,команда,человек/мужчина,2
minute,степень,минута,большой,2
best,лучший,работа,стандарт,1
several,президент,несколько,внутри,2
idea,ничего,идея,лидер,2
kid,плечо,ребенок,серьезный,2
body,тело,тренировка,младенец,1
information,информация,защита,мир,1
nothing,ничего,чашка,об,1
ago,место,тому назад,третий,2
lead,вести,заполнять,пример,1
social,брат,в пределах,социальный,3
understand,прибывать,весна,понимать,3
whatever,ты/вы,догадываться,любой,3
watch,продавать,смотреть,с тех пор,2
together,вместе,вешать,черный,1
fellow,человек,муж,преступление,1
parent,родитель,требовать,сказать,1
stop,этого,останавливаться,до сих пор,2
face,растение,толкать,лицо,3
anything,семь,такой,что-нибудь,3
create,республиканец,создавать,ожидать,2
public,жена,общественность,таким образом,2
already,уже,тебя самого,кампания,1
speak,меньше,общаться,серьезный,2
others,другие,образование,проходить,1
read,отлично,читать,о/об,2
level,уровень,нам/нас,родитель,1
allow,телефон,красиво,разрешать,3
add,звонок,добавлять,дорога,2
office,офиц,хотя,огонь,1
spend,боль,процесс,проводить,3
door,дверь,получать,твой,1
health,история,здоровье,легко,2
person,человек,ожидать,поэтому,1
art,первый,искусство,снаружи,2
sure,оставаться,голос,конечно,3
war,война,домой,век,1
history,история,сын,запас,1
party,компания,количество,вечеринка,3
within,в пределах,соглашаться,цель,1
grow,атака,расти,север,2
result,результат,серьезный,счет,1
open,открытый,знак/подпись,любовь,1
morning,причина,сайт,утро,3
walk,гулять,прошлое,мало,1
reason,кровать,причина,к,2
low,я,низкий,улучшать,2
win,программа,побеждать,преподавать,2
research,помнить,исследование,улица,2
girl,девочка,голос,основа,1
guy,стоять,несколько,парень,3
early,умирать,количество,начальный,3
food,сеть,еда,в,2
moment,момент,коробка,улучшать,1
himself,кусочек,будет,сам,3
air,холодный,земля,воздух,3
teacher,так,учитель,лежать,2
force,команда,принуждать,работать,2
offer,приказ,предлагать,чувство,2
enough,многие,достаточно,пространство,2
education,фонд,само,образование,3
across,лекарство,через,знания,2
although,ее,тысяча,хотя,3
remember,формировать,помнить,предлагать,2
second,темп,под,второй,3
boy,центр,важно,мальчик,3
maybe,возможно,знания,забывать,1
toward,система,настоящий,к,3
able,значение,боль,способен,3
age,сделка,поддерживать,возраст,3
policy,роль,политика,дочь,2
everything,быстро,покрывать,все,3
love,любовь,демократический,жена,1
process,видение,летать,процесс,3
music,музыка,система,скорее,1
including,теория,включая,менеджер,2
consider,рассматривать,очень,разрешать,1
appear,появляться,семья,реагировать,1
actually,падать,система,на самом деле,3
buy,покупать,пять,поддерживать,1
probably,помнить,вечер,вероятно,3
human,улучшать,десять,человек,3
wait,ждать,никогда,быстро,1
serve,обслуживать,общественность,менять,1
market,коробка,ресурс,рынок,3
die,кандидат,умирать,стакан,2
send,ответ,отправлять,держать,2
expect,форма,рост,ожидать,3
sense,правда,смысл,отлично,2
build,нота,строить,книга,2
stay,чувствовать,прибывать,оставаться,3
fall,падать,поэтому,раса,1
nation,юрист,нация,сердце,2
plan,идти,материал,план,3
cut,казаться,утверждение,резать,3
college,с,колледж,план,2
interest,интерес,как,общаться,1
death,много,одинаковый,смерть,3
course,принуждать,все,блюдо,3
someone,кое-кто,среди,быстро,1
experiance,решение,сохранять,опыт,3
behind,сзади/за,лучше,практика,1
reach,достигать,автор,большинство,1
local,маленький,местный,запас,2
kill,лгать,испытание,убивать,3
six,шесть,выбор,сравнивать,1
remain,знания,оставаться,на/по,2
effect,похожий,влиять,посещать,2
suggest,звезда,предлагать,волосы,2
class,двигаться,класс,главный,2
control,контроль,доктор,личный,1
raise,сервис,расти,бедный,2
care,такой,заботиться,секс,2
perhaps,возможно,соглашаться,страна,1
late,поздний,красивый,белый,1
hard,масло,сложный,состоять из,2
field,через,поле,заканчивать,2
else,боль,специльно,другой,3
pass,каждый,проходить,топ,2
former,когда,конец,бывший,3
sell,думать,требовать,продавать,3
major,парень,основной,практика,2
sometimes,статья,иногда,профессор,2
require,требовать,это,мама,1
along,вместе,преступление,улучшать,1
development,развитие,проект,реагировать,1
themselves,сами,без разницы,бывший,1
report,отчет,держать,мечта/сон,1
role,место,роль,тогда,2
better,но,лучше,меньше,2
economic,звук,указывать на,экономический,3
effort,прежде чем,дарить,усилия,3
decide,решать,море,блюдо,1
rate,работать,темп,бедный,2
strong,недавно,кусочек,сильный,3
possible,"за, вне",дорога,возможный,3
heart,любой,наименее,сердце,3
drug,предлагать,риск,лекарство,3
leader,лидер,предмет,проект,1
light,сторона,бизнес,свет,3
voice,скучать,рука,голос,3
wife,размер,что-нибудь,жена,3
whole,отправлять,целый,после,2
police,узнавать,полиция,фактор,2
mind,благодарность,развивать,разум,3
finally,сидение,сказать,наконец,3
pull,программа,описывать,тянуть,3
return,значит,высокий,возвращаться,3
free,умирать,свободный,книга,2
military,занятие,нуждаться,военный,3
price,цена,сообщение,разный,1
less,вещь,меньший,город,2
according,форма,в соответствии,республиканец,2
decision,к,скорее,решение,3
explain,объяснять,через,сражаться,1
son,толкать,сын,спор,2
hope,надеяться,устанавливать,на протяжении,1
develop,развивать,набор,сейчас,1
view,летать,видение,это,2
relationship,младенец,отношение,старый,2
carry,нести,строить,знания,1
town,город,должен,из/вне,1
road,кандидат,бар,дорога,3
drive,поздний,водить,окружающая среда,2
arm,тело,рука,способен,2
true,месяц,влияние,правильный,3
federal,конец,успех,федеральный,3
break,успех,ломать,наслаждаться,2
difference,мечта/сон,разница,пока,2
thank,лечение,далекий,благодарность,3
receive,что-нибудь,получать,зад,2
value,значение,фирма,лучше,1
international,деньги,международный,сохранять,2
building,на/по,администрация,постройка,3
action,действие,прочь,сейчас,1
full,камера,полный,половина,2
model,модель,источник,показывать,1
join,пять,я,присоединяться,3
season,на/в,сезон,мое,2
society,общество,подготавливать,жена,1
tax,четыре,из/с,налог,3
director,второй,ловить,директор,3
position,позиция,наука,большой,1
player,часто,центральный,игрок,3
agree,соглашаться,на самом деле,компания,1
especially,особенно,исследование,общество,1
record,записывать,продолжать,убивать,1
pick,надеяться,выбирать,администрация,2
wear,лечение,носить (одежду),операция,2
paper,бумага,готов,иностранный,1
special,ожидать,специльно,событие,2
space,пространство,целый,мало,1
ground,сказать,земля,без,2
form,формировать,спор,сидение,1
support,помощь,отчет,мальчик,1
event,проблема,событие,кто,2
official,официальный,центр,возраст,1
whose,к,чей,конференция,2
matter,чисто,лето,иметь значение,3
everyone,давть,все,и,2
center,центр,телефон,миллион,1
couple,офиц,пара,взрослый,2
site,сайт,близко,помнить,1
project,наименее,проект,почему,2
hit,большинство,люди,удар,3
base,международный,запас,база,3
activity,иметь значение,просто,занятие,3
star,показывать,звезда,десятилетие,2
table,стол,новости,покидать,1
court,точка (зрения),улучшать,корт,3
produce,производить,иностранный,американский,1
eat,учение,есть,слышать,2
teach,преподавать,кто-нибудь,холодный,1
oil,развитие,масло,американский,2
half,половина,образование,мой,1
situation,среди,помощь,ситуация,3
easy,легко,если,один,1
cost,полный,стоимость,сторона,2
industry,индустрия,степень,работник,1
figure,фигура,взрослый,само,1
street,улица,линия,решать,1
image,изображение,что-нибудь,сообщение,1
itself,само,год,лидер,1
phone,телефон,след,неделя,1
either,голубой,или,сидение,2
data,север,данные,стратегия,2
cover,пока,покрывать,модель,2
quite,доктор,и,довольно,3
picture,картинка,красивый,лучше,1
clear,терять,здорово,чисто,3
practice,пока,практика,покидать,2
piece,мир,поддерживать,что,1
land,серьезный,снова,земля,3
recent,входить,страница,недавний,3
describe,статья,описывать,лечить,2
product,миллиард,продукт,положил,2
doctor,встреча,письмо,доктор,3
wall,наконец,интерес,стена,3
patient,кто-нибудь,состоять из,пациент,3
worker,такой,рабочий,участник,2
news,и,практика,новости,3
test,знак/подпись,основа,тест,3
movie,ранее,фильм,открывать,2
certain,недавний,определенный,хранить,2
north,север,лучший,влияние,1
personal,офиц,отношение,личный,3
simply,легко,знания,единственный,1
third,третий,хранить,церковь,1
technology,тот,технология,проходить,2
catch,внутри,ловить,море,2
step,избегать,ребенок,шаг,3
baby,возможно,младенец,она,2
computer,случай,глава,компьютер,3
type,тип,сделка,учение,1
attention,внимание,получать,вещь,1
draw,рисовать,"за, вне",направление,1
film,фильм,проверять,навык,1
Republican,теория,республиканец,сражаться,2
tree,дерево,рука,список,1
source,социальный,источник,сумма,2
red,от/прочь,команда,красный,3
nearly,международный,приблизительно,заряжать,2
organization,организация,имущество,покрывать,1
choose,федеральный,побеждать,выбирать,3
cause,водить,надеяться,причина,3
hair,намерение,оставаться,волосы,3
century,позволять,взбивать,век,3
evidence,компания,докзательства,сын,2
window,окно,снова,твой,1
difficult,сложный,встречать,свет,1
listen,слушать,главный,играть,1
soon,скоро,работник,нация,1
culture,земля,культура,конкректный,2
billion,список,внезапно,миллиард,3
chance,жена,шанс,демократ,2
brother,успех,приказ,брат,3
energy,оружие,данные,энергия,3
period,период,находить,принуждать,1
summer,класс,пациент,лето,3
realize,реализовывать,давление,в соответствии,1
hundred,избегать,на/в,сто,3
available,доступный,пара,скучать,1
plant,многие,растение,постройка,2
likely,вероятно,глава,старый,1
opportunity,но,возможность,сторона,2
term,срок,возрастать,помогать,1
short,короткий,влияние,лицо,1
letter,дорога,письмо,выгода,2
condition,возрастать,летать,состояние,3
choice,внезапно,выбор,менеджер,2
single,один/одинокий,внезапно,открывать,1
rule,место,исследовать,правило,3
daughter,дочь,забота,останавливаться,1
administration,администрация,сражаться,кто,1
south,из/от/об,юг,однажды,2
husband,муж,интервью,немного,1
Congress,открывать,лгать,Конгресс,3
floor,сцена,пол/этаж,приближение,2
campaign,кампания,разум,тест,1
material,информация,материал,несколько,2
population,плохой,в качестве,нселение,3
economy,экономика,снаружи,от/прочь,1
medical,медицинский,вещь,создавать,1
hospital,больница,о/об,вечер,1
church,церковь,рабочий,хотеть,1
close,снабжать,закрывать,профессор,2
thousand,бизнес,основа,тысяча,3
risk,компания,между,риск,3
current,запад,лежать,текущий,3
fire,коробка,огонь,описывать,2
future,будущее,показывать,разрешать,1
wrong,платить,неправильный,история,2
involve,определять,скорее,включать,3
defense,стоимость,защита,оружие,2
anyone,молодой,сами,кто-нибудь,3
increase,увеличивать,верить,первый,1
security,стол,очень,безопасность,3
bank,занятие,сравнивать,банк,3
myself,красивый,выглядит,сам,3
certainly,определенно,встречать,наименее,1
west,право,запад,компания,2
sport,тело,спорт,здесь,2
board,строить,борт,стратегия,2
seek,носить (одежду),искать,младенец,2
per,нация,верх,за,3
subject,песня,правильно,предмет,3
officer,сцена,фокус,офицер,3
private,приватный,на/в,скорее,1
rest,общество,ты/вы,отдых,3
behaviour,утро,низкий,поведение,3
deal,дело,записывать,политика,1
performance,вверх,однако,представление,3
fight,управлять,боль,сражаться,3
throw,иностранный,через,структура,2
top,приватный,город,топ,3
quickly,чей,восемь,быстро,3
past,прошлое,начинать,сам,1
goal,сестра,цель,поведение,2
bed,доказывать,кровать,лгать,2
order,приказ,жить,один,1
author,вес,автор,поздний,2
fill,заполнять,пол/этаж,убыток,1
represent,представлять,возможно,упоминать,1
focus,мое,результат,фокус,3
foreign,меньший,иностранный,клеточка,2
drop,падать,человек,видеть,1
blood,неделя,красиво,кровь,3
upon,формировать,земля,на/по,3
agency,может,агентство,домой,2
push,операция,толкать,школа,2
nature,из/с,мало,природа,3
color,понимать,сестра,цвет,3
recently,помощь,серии,недавно,3
store,источник,этот,магазин,3
reduce,достаточно,приближение,снижать,3
sound,экономика,звучать,черный,2
note,сообщество,нота,бумага,2
fine,в качестве,узнавать,отлично,3
near,конференция,иностранный,близко,3
movement,бежать,центральный,движение,3
page,страница,те,процесс,1
enter,вместе,давление,входить,3
share,те,делиться,верить,2
common,общий,к,команда,1
poor,этап,слушать,бедный,3
natural,способен,покидать,естественный,3
race,поле,запас,раса,3
concern,как,беспокойство,операция,2
series,нога,тоже,серии,3
significant,возможность,значительный,уровень,2
similar,раздел,разница,похожий,3
hot,десятилетие,горячий,игрок,2
language,низкий,язык,текущий,2
usually,обычно,тогда,открытый,1
response,база,сидение,ответ,3
dead,сделка,мертвый,спектр,2
rise,преподавать,этот,возрастать,3
animal,организация,поле,животное,3
factor,фактор,вероятно,налог,1
decade,хранить,десятилетие,финансовый,2
article,статья,тысяча,лето,1
shoot,стрелять,включать,стиль,1
east,восток,персонаж,темп,1
save,личный,сохранять,обсуждать,2
seven,семь,песня,колледж,1
artist,второй,здорово,художник,3
scene,магазин,сцена,целый,2
stock,работник,секс,запас,3
career,от/с,карьера,фильм,2
despite,несмотря на,представлять,идея,1
central,рассказывать,мяч,центральный,3
eight,делать,восемь,искать,2
thus,тренировка,таким образом,возможный,2
treatment,дело,станция,лечение,3
beyond,"за, вне",мальчик,красиво,1
happy,счастливый,местный,выполнять,1
exactly,занятие,ночь,тоно,3
protect,энергия,видение,защищать,3
approach,ребенок,приближение,учреждение,2
lie,однако,снижать,лгать,3
size,в пределах,размер,девочка,2
dog,приватный,собака,персонал,2
fund,поэтому,фонд,красный,2
serious,вместо,серьезный,прошлое,2
occur,происходить,чей,проблема,1
media,лето,учение,медиа,3
ready,недавний,готов,показывать,2
sign,культура,знак/подпись,рассматривать,2
list,боль,список,и,2
individual,приватный,поддерживать,индивидуальный,3
simple,простой,тоже,неделя,1
quality,пара,качество,решать,2
pressure,лечить,корт,давление,3
accept,люди,серьезный,принимать,3
answer,ответ,начинать,воздействовать,1
resource,побеждать,ресурс,наука,2
identify,зад,идентифицировать,развитие,2
left,популярный,покидать,позволять,2
meeting,встреча,естественный,недавний,1
determine,определять,огромный,зеленый,1
prepare,неправильный,подготавливать,основа,2
desease,сложный,болезнь,защищать,2
success,конференция,успех,личный,2
argue,этой ночью,позволять,спор,3
cup,здесь,чашка,смеяться,2
particularly,тип,тебя самого,особенно,3
amount,без разницы,сумма,старый,2
ability,возможность,море,теория,1
staff,персонал,определять,сердце,1
recognize,узнавать,фигура,останавливаться,1
indicate,указывать на,план,имя,1
character,хранить,стакан,персонаж,3
growth,рост,фактор,возможность,1
loss,бумага,убыток,останавливаться,2
degree,письмо,разум,степень,3
wonder,общественность,удивляться,проблема,2
attack,или,серии,атака,3
herself,дом,тебя самого,сама,3
region,несколько,регион,меньший,2
television,телевидение,дочь,нация,1
box,дочь,коробка,восемь,2
training,пять,тренировка,красиво,2
pretty,индустрия,красивый,нести,2
trade,торговя,теория,до сих пор,1
election,казаться,выборы,стоимость,2
everybody,каждый,законный,деньги,1
physical,внутри,физический,федеральный,2
lay,включать,все,лежать,3
general,вне/далеко,сзади/за,общий,3
feeling,огонь,полиция,чувство,3
standart,сообщество,стандарт,рабочий,2
bill,счет,Конгресс,выгода,1
message,тоже,дело,сообщение,3
fail,неудача,из/с,месяц,1
outside,снаружи,особенно,улица,1
arrive,кандидат,животное,прибывать,3
analysis,анализ,испытание,короткий,1
benefit,значительный,выгода,раздел,2
sex,знания,тот,секс,3
forward,напрямую,камера,вес,1
lawyer,ждать,горячий,юрист,3
present,роль,дарить,мера,2
section,здоровье,раздел,открытый,2
environmental,проходить,чувствовать,экологический,3
glass,читать,стакан,брать,2
skill,большинство,навык,низкий,2
sister,среди,зеленый,сестра,3
professor,профессор,заканчивать,чувство,1
operation,голос,операция,горячий,2
financial,ясно,финансовый,да,2
crime,преступление,реагировать,несколько,1
stage,казаться,любовь,этап,3
ok,жить,команда,ок,3
compare,удивляться,сам,сравнивать,3
authority,ответ,продавать,полномочие,3
miss,скучать,вешать,готов,1
design,вокруг,дизайн,человек,2
sort,действительно,вид,становиться,2
act,действовать,хороший,колледж,1
ten,легко,что,десять,3
knowledge,фильм,объяснять,знания,3
gun,значительно,оружие,с тех пор,2
station,станция,вид,свободный,1
blue,учить,темный,голубой,3
strategy,стратегия,просто,блюдо,1
clearly,ясно,от,возможно,1
discuss,обсуждать,назад,здорово,1
indeed,ситуация,действительно,из/с,2
truth,жить,атака,правда,3
song,телефон,песня,любовь,2
example,управлять,пример,страх,2
democratic,взрослый,миллион,демократический,3
check,масло,проверять,заканчивать,2
environment,нет,окружающая среда,или,2
leg,американский,нога,побеждать,2
dark,такой,экономика,темный,3
various,различный,до сих пор,друг,1
rather,стакан,болтовня,скорее,3
laugh,смеяться,разный,сцена,1
guess,догадываться,этого,пространство,1
executive,продавать,звук,должностное лицо,3
prove,центральный,доказывать,линия,2
hang,вешать,деньги,влиять,1
entire,быстро,целый,пока,2
rock,создавать,сын,рок,3
forget,забывать,след,цвет,1
claim,старый,спрашивать,требовать,3
remove,удалять,простой,семья,1
manager,меньше,спор,менеджер,3
enjoy,наслаждаться,темп,уровень,1
network,мистер,работать,сеть,3
legal,законный,муж,риск,1
religious,группа,религиозный,скоро,2
cold,различный,менять,холодный,3
final,еда,открывать,финал,3
main,помнить,международный,главный,3
sience,каждый,десятилетие,наука,3
green,вероятно,следующий,зеленый,3
memory,память,пока,доктор,1
card,карта,мысль,брать,1
above,естественный,сверх,нога,2
seat,смотреть,сидение,семья,2
cell,идти,клеточка,хороший,2
establish,сильный,важный,установить,3
nice,отлично,выгода,там,1
trail,след,следующий,хотя,1
expert,природа,возрастать,эксперт,3
spring,весна,зеленый,толкать,1
firm,фирма,мой,тоже,1
Democrat,общаться,демократ,интерес,2
radio,который,общество,радио,3
visit,ее,происходить,посещать,3
manage,хотеть,управлять,имущество,2
avoid,учить,избегать,занятие,2
imagine,однако,кровь,воображать,3
tonight,этой ночью,карьера,сеть,1
huge,огромный,о/об,лечение,1
ball,тогда,читать,мяч,3
finish,заканчивать,лежать,текущий,1
yourself,ломать,присоединяться,тебя самого,3
theory,теория,поздний,заботиться,1
impact,бедный,влияние,поддержка,2
respond,стакан,реагировать,основа,2
statement,политический,должностное лицо,утверждение,3
maintain,приближение,поддерживать,точка (зрения),2
charge,чашка,заряжать,команда,2
popular,единственный,популярный,пример,2
traditional,традиционный,формировать,практика,1
onto,успех,сервис,на,3
reveal,список,раскрывать,источник,2
direction,опыт,направление,сообщество,2
weapon,поведение,снаряжение,учение,2
employee,работник,заряжать,улица,1
cultural,культурный,ресурс,сила,1
contain,взрослый,состоять из,снижать,2
peace,открывать,мир,вокруг,2
pain,боль,болезнь,направление,1
apply,заявлять,усилия,только,1
measure,такой,юг,мера,3
wide,данные,сеть,влиять,2
shake,сестра,взбивать,такой,2
fly,летать,улица,позиция,1
interview,хотя,интервью,неделя,2
chair,покидать,происходить,стул,3
fish,естественный,навык,рыба,3
particular,довольно,определенный,национальный,2
camera,камера,мало,пытаться,1
structure,структура,нуждаться,покупать,1
politics,американец,политика,несмотря на,2
perform,выполнять,сегодня,качество,1
bit,кусочек,родитель,программа,1
weight,давление,вес,набор,2
suddenly,первый,воздействовать,внезапно,3
discover,строить,дело,исследовать,3
candidate,звук,оставаться,кандидат,3
production,производство,мир,определенно,1
treat,думать,лечить,сравнивать,2
trip,идея,путешествие,намерение,2
evening,вечер,рано,стоимость,1
affect,воздействовать,достигать,американец,1
inside,внутри,вес,возвращаться,1
conference,значительно,мечта/сон,конференция,3
unit,пиать,становиться,часть,3
style,банк,подготавливать,стиль,3
adult,взрослый,одинаковый,вверх,1
worry,волноваться,человек,из/с,1
range,свободный,спектр,животное,2
mention,доступный,упоминать,лицо,2
deed,догадываться,домой,дело,3
edge,масло,основа,край,3
specific,ок,конкректный,разум,2
writer,записывать,свет,писатель,3
trouble,профессор,проблема,коробка,2
necessary,естественный,сезон,важно,3
thoughout,эксперт,на протяжении,американский,2
challenge,испытание,век,им,1
fear,налог,как,страх,3
shoulder,определенный,плечо,другой,2
institution,журнал,она,учреждение,3
middle,скучать,поддержка,средний,3
sea,финансовый,море,сердце,2
dream,спрашивать,люди,мечта/сон,3
magazine,так как,журнал,теория,2
bar,бар,туда,опыт,1
beautiful,сидеть,проблема,красиво,3
property,взбивать,вода,имущество,3
instead,скоро,вместо,заявлять,2
improve,улучшать,обсуждать,образование,1
stuff,выбор,персонал,различный,2
detail,или,деталь,болезнь,2
method,модель,некоторые,метод,3
